employee_id,name,age,department_id,job_id,salary,hire_date
1001,Employee_0,30,10,4,121426,2016-01-07
1002,Employee_1,25,6,4,92753,2015-10-29
1003,Employee_2,52,1,8,37561,2019-06-03
1004,Employee_3,57,10,7,74516,2020-01-30
1005,Employee_4,38,2,9,77576,2016-09-11
1006,Employee_5,34,6,9,64226,2017-01-04
1007,Employee_6,47,3,9,97337,2022-12-03
1008,Employee_7,47,9,6,146959,2022-08-23
1009,Employee_8,38,3,7,96585,2020-07-14
1010,Employee_9,27,10,2,138616,2019-07-19
1011,Employee_10,32,8,1,64729,2023-08-11
1012,Employee_11,47,6,2,44222,2017-04-25
1013,Employee_12,49,5,8,114770,2016-09-29
1014,Employee_13,51,1,7,119566,2022-03-17
1015,Employee_14,57,10,6,126481,2019-03-04
1016,Employee_15,58,8,4,82513,2023-05-27
1017,Employee_16,52,7,4,139188,2020-12-20
1018,Employee_17,56,6,10,80321,2016-02-22
1019,Employee_18,22,1,1,123518,2016-09-28
1020,Employee_19,41,10,4,148181,2019-04-26
1021,Employee_20,30,3,8,146458,2015-08-23
1022,Employee_21,41,1,9,95817,2019-05-05
1023,Employee_22,24,6,6,72796,2021-12-22
1024,Employee_23,33,1,3,71214,2023-10-27
1025,Employee_24,55,8,7,120341,2020-01-14
1026,Employee_25,38,6,4,53170,2018-11-03
1027,Employee_26,44,8,5,74980,2015-11-11
1028,Employee_27,43,8,4,78944,2017-06-02
1029,Employee_28,38,9,6,121211,2023-03-19
1030,Employee_29,40,6,3,46447,2020-02-09
1031,Employee_30,54,4,4,75779,2017-05-09
1032,Employee_31,55,6,5,89807,2017-11-19
1033,Employee_32,45,9,2,133000,2017-02-06
1034,Employee_33,52,1,9,43443,2021-10-10
1035,Employee_34,35,7,4,99500,2022-05-01
1036,Employee_35,48,9,8,144757,2023-05-09
1037,Employee_36,50,9,9,133134,2022-03-19
1038,Employee_37,41,10,2,120975,2018-12-07
1039,Employee_38,31,7,2,50288,2017-01-29
1040,Employee_39,51,5,6,54589,2022-06-21
1041,Employee_40,44,4,10,42550,2016-05-21
1042,Employee_41,23,1,8,35783,2019-06-09
1043,Employee_42,22,2,5,120466,2022-04-26
1044,Employee_43,35,5,10,107452,2015-07-12
1045,Employee_44,50,6,8,140128,2019-08-05
1046,Employee_45,35,8,2,107076,2017-01-16
1047,Employee_46,59,7,5,55805,2016-12-19
1048,Employee_47,24,3,9,132254,2018-11-09
1049,Employee_48,53,6,4,35724,2020-07-08
1050,Employee_49,37,5,7,75519,2016-09-09
1051,Employee_50,43,2,4,99190,2019-06-19
1052,Employee_51,52,7,1,131970,2023-06-28
1053,Employee_52,58,10,9,144930,2022-05-02
1054,Employee_53,34,6,8,105737,2015-02-16
1055,Employee_54,58,6,3,119820,2015-01-15
1056,Employee_55,22,8,1,29986,2015-11-17
1057,Employee_56,50,10,2,32930,2023-09-27
1058,Employee_57,24,3,5,139006,2019-11-17
1059,Employee_58,25,4,1,79985,2022-08-01
1060,Employee_59,32,10,9,97974,2018-03-28
1061,Employee_60,37,9,7,42812,2023-05-21
1062,Employee_61,48,5,6,144880,2023-04-08
1063,Employee_62,23,10,10,86977,2019-12-10
1064,Employee_63,23,1,4,96282,2021-10-31
1065,Employee_64,49,2,8,53908,2015-09-21
1066,Employee_65,33,4,3,113741,2019-01-04
1067,Employee_66,57,3,5,139755,2021-01-03
1068,Employee_67,28,3,10,81419,2022-04-24
1069,Employee_68,52,4,1,77653,2023-07-03
1070,Employee_69,34,5,5,30871,2021-08-04
1071,Employee_70,45,10,2,101032,2022-03-27
1072,Employee_71,35,6,8,138093,2023-08-22
1073,Employee_72,30,4,8,133903,2020-11-15
1074,Employee_73,59,2,3,122098,2020-07-29
1075,Employee_74,55,7,6,135305,2023-09-25
1076,Employee_75,46,1,4,111700,2017-02-21
1077,Employee_76,37,8,2,40892,2020-03-26
1078,Employee_77,47,9,1,107614,2019-01-20
1079,Employee_78,45,8,9,83135,2023-10-16
1080,Employee_79,23,3,1,118003,2022-04-20
1081,Employee_80,44,1,9,48238,2015-08-07
1082,Employee_81,26,3,9,100192,2019-02-05
1083,Employee_82,46,2,10,124742,2015-02-07
1084,Employee_83,30,4,6,62182,2020-07-22
1085,Employee_84,42,7,4,145032,2021-10-23
1086,Employee_85,43,1,2,45407,2022-04-03
1087,Employee_86,31,6,3,42030,2021-03-25
1088,Employee_87,43,8,3,40175,2015-07-06
1089,Employee_88,34,5,5,89000,2023-05-10
1090,Employee_89,49,6,2,86913,2015-04-24
1091,Employee_90,22,4,1,84556,2015-08-30
1092,Employee_91,59,10,4,40453,2018-01-08
1093,Employee_92,31,6,5,143630,2017-09-05
1094,Employee_93,31,1,3,62719,2019-07-12
1095,Employee_94,39,8,5,75236,2022-06-07
1096,Employee_95,39,10,6,104742,2020-07-21
1097,Employee_96,24,5,1,129830,2016-09-16
1098,Employee_97,36,4,9,143669,2021-04-19
1099,Employee_98,58,7,6,128297,2018-12-04
1100,Employee_99,23,8,5,109602,2018-11-04
1101,Employee_100,45,9,2,87480,2022-11-09
1102,Employee_101,42,8,3,86422,2022-11-20
1103,Employee_102,26,7,3,43480,2022-07-20
1104,Employee_103,45,2,4,92408,2020-12-26
1105,Employee_104,38,9,2,106713,2015-08-15
1106,Employee_105,26,8,7,71735,2021-05-28
1107,Employee_106,36,5,7,28812,2021-09-19
1108,Employee_107,47,9,6,36291,2019-06-18
1109,Employee_108,58,10,7,118899,2015-09-09
1110,Employee_109,48,4,9,74890,2023-04-22
1111,Employee_110,46,3,7,78871,2018-01-05
1112,Employee_111,34,7,10,39714,2016-12-15
1113,Employee_112,23,7,9,86793,2015-08-29
1114,Employee_113,55,8,4,93722,2021-09-18
1115,Employee_114,23,2,7,52361,2019-12-26
1116,Employee_115,59,7,5,94380,2021-07-17
1117,Employee_116,38,1,6,129906,2015-10-10
1118,Employee_117,28,10,9,51122,2018-04-16
1119,Employee_118,34,6,3,70193,2019-02-18
1120,Employee_119,47,6,6,69941,2019-06-13
1121,Employee_120,33,9,3,148337,2016-06-08
1122,Employee_121,30,7,6,41722,2021-04-16
1123,Employee_122,35,9,2,85318,2023-03-16
1124,Employee_123,23,7,3,30401,2016-06-07
1125,Employee_124,51,3,10,124720,2020-12-03
1126,Employee_125,57,10,9,47628,2022-10-22
1127,Employee_126,55,7,8,108614,2022-11-20
1128,Employee_127,30,8,2,147658,2015-01-28
1129,Employee_128,52,5,5,104555,2023-01-28
1130,Employee_129,42,1,6,127149,2019-01-26
1131,Employee_130,56,2,8,67733,2020-12-29
1132,Employee_131,31,1,3,136217,2015-10-09
1133,Employee_132,34,8,2,39374,2021-07-07
1134,Employee_133,34,5,3,141259,2016-03-06
1135,Employee_134,35,9,3,64557,2021-09-23
1136,Employee_135,49,2,8,74053,2017-01-21
1137,Employee_136,52,7,2,90672,2019-01-31
1138,Employee_137,22,5,5,103225,2021-09-07
1139,Employee_138,27,1,10,56294,2021-06-18
1140,Employee_139,32,4,2,105431,2019-10-11
1141,Employee_140,51,4,1,104634,2020-04-03
1142,Employee_141,51,7,7,119207,2023-03-17
1143,Employee_142,56,9,2,58397,2019-01-21
1144,Employee_143,22,1,6,53177,2018-04-11
1145,Employee_144,43,10,4,100068,2015-09-09
1146,Employee_145,26,10,1,58069,2016-11-21
1147,Employee_146,28,1,2,124873,2022-11-05
1148,Employee_147,33,2,1,34023,2023-10-30
1149,Employee_148,29,5,8,43372,2017-03-01
1150,Employee_149,51,7,2,117238,2017-04-14
1151,Employee_150,52,2,9,89743,2016-10-19
1152,Employee_151,26,6,6,133914,2021-05-26
1153,Employee_152,25,6,6,140663,2023-02-12
1154,Employee_153,46,9,10,50239,2023-04-18
1155,Employee_154,38,9,3,67025,2023-10-18
1156,Employee_155,30,8,4,51479,2022-11-08
1157,Employee_156,35,1,5,77708,2015-06-22
1158,Employee_157,33,1,8,70126,2016-02-24
1159,Employee_158,50,9,7,122658,2016-04-19
1160,Employee_159,44,5,4,132164,2023-08-26
1161,Employee_160,44,4,4,60370,2021-02-12
1162,Employee_161,39,2,9,38590,2018-12-11
1163,Employee_162,27,8,1,66067,2019-08-03
1164,Employee_163,59,2,10,54604,2017-10-21
1165,Employee_164,31,4,9,51484,2019-07-03
1166,Employee_165,59,7,7,124617,2017-04-03
1167,Employee_166,41,8,1,51963,2022-11-20
1168,Employee_167,49,4,10,79633,2023-05-28
1169,Employee_168,23,2,2,116931,2017-05-07
1170,Employee_169,55,8,9,88994,2017-07-30
1171,Employee_170,26,1,8,39641,2021-10-16
1172,Employee_171,33,1,9,109229,2023-05-24
1173,Employee_172,55,3,6,87226,2023-11-30
1174,Employee_173,47,4,6,56560,2022-08-03
1175,Employee_174,53,4,2,50302,2017-01-10
1176,Employee_175,50,7,2,99100,2022-09-05
1177,Employee_176,41,3,9,125056,2023-06-27
1178,Employee_177,59,7,4,123010,2021-03-05
1179,Employee_178,36,7,2,46550,2018-12-02
1180,Employee_179,56,10,6,132591,2017-07-24
1181,Employee_180,26,1,8,28997,2020-06-03
1182,Employee_181,51,2,6,143188,2019-03-22
1183,Employee_182,50,10,8,92229,2015-04-08
1184,Employee_183,40,1,3,48604,2022-08-03
1185,Employee_184,28,8,3,124614,2021-11-02
1186,Employee_185,28,6,2,71817,2019-02-18
1187,Employee_186,53,2,8,61881,2021-12-13
1188,Employee_187,29,8,10,143845,2016-06-09
1189,Employee_188,30,4,4,63241,2019-12-20
1190,Employee_189,47,8,7,37310,2019-12-22
1191,Employee_190,38,6,4,37234,2015-06-23
1192,Employee_191,29,7,9,51031,2017-04-13
1193,Employee_192,31,2,4,130899,2018-02-10
1194,Employee_193,41,1,5,93233,2016-11-16
1195,Employee_194,26,4,9,80934,2017-02-21
1196,Employee_195,55,6,10,120792,2016-09-11
1197,Employee_196,41,9,5,87806,2020-07-03
1198,Employee_197,23,1,2,140152,2016-10-11
1199,Employee_198,33,2,6,121145,2022-09-05
1200,Employee_199,31,3,7,45272,2020-04-25
1201,Employee_200,39,9,9,143183,2022-02-11
1202,Employee_201,34,7,1,116436,2023-11-07
1203,Employee_202,44,4,1,71931,2020-03-13
1204,Employee_203,38,2,3,132416,2019-06-26
1205,Employee_204,29,3,5,37851,2021-11-16
1206,Employee_205,30,2,9,55373,2018-02-24
1207,Employee_206,53,5,9,81618,2021-09-10
1208,Employee_207,35,4,8,72669,2016-08-31
1209,Employee_208,33,4,1,112406,2023-06-28
1210,Employee_209,42,4,8,93360,2016-05-15
1211,Employee_210,42,5,10,72674,2021-05-16
1212,Employee_211,53,4,10,112917,2015-10-27
1213,Employee_212,55,3,7,117428,2017-05-04
1214,Employee_213,55,2,10,71683,2023-08-07
1215,Employee_214,48,8,7,68889,2020-07-18
1216,Employee_215,37,3,1,70344,2019-02-25
1217,Employee_216,51,1,6,36162,2021-01-21
1218,Employee_217,37,2,9,94397,2023-04-22
1219,Employee_218,34,10,8,75870,2018-11-22
1220,Employee_219,55,3,6,59422,2019-12-02
1221,Employee_220,29,10,10,141380,2023-10-26
1222,Employee_221,33,8,3,146192,2019-10-11
1223,Employee_222,32,10,10,82215,2018-09-29
1224,Employee_223,51,3,8,31077,2023-06-19
1225,Employee_224,35,2,8,128746,2017-09-25
1226,Employee_225,30,6,3,56295,2016-01-29
1227,Employee_226,39,4,3,74562,2023-06-08
1228,Employee_227,59,8,6,126534,2021-03-07
1229,Employee_228,50,1,9,101693,2017-01-05
1230,Employee_229,29,5,9,113914,2020-02-29
1231,Employee_230,35,7,9,92139,2022-12-01
1232,Employee_231,30,5,5,80483,2015-09-16
1233,Employee_232,25,10,3,120989,2018-05-08
1234,Employee_233,50,3,2,113644,2017-02-01
1235,Employee_234,31,10,4,110135,2018-04-13
1236,Employee_235,25,7,6,119528,2020-09-30
1237,Employee_236,32,5,7,60620,2019-07-28
1238,Employee_237,45,7,10,35367,2018-01-30
1239,Employee_238,37,5,3,74579,2022-08-20
1240,Employee_239,22,6,1,104757,2021-02-12
1241,Employee_240,51,8,7,69095,2021-01-07
1242,Employee_241,35,10,8,77921,2018-06-01
1243,Employee_242,42,8,8,65041,2021-12-18
1244,Employee_243,42,1,1,53186,2023-01-16
1245,Employee_244,56,1,1,70373,2023-02-23
1246,Employee_245,31,6,7,56325,2019-05-26
1247,Employee_246,48,9,10,83032,2016-01-05
1248,Employee_247,51,3,2,47282,2020-07-03
1249,Employee_248,45,9,5,102760,2021-01-11
1250,Employee_249,54,9,9,43988,2023-04-10
1251,Employee_250,43,8,8,34989,2017-09-21
1252,Employee_251,58,1,10,32092,2016-10-27
1253,Employee_252,52,3,6,71596,2023-11-21
1254,Employee_253,51,10,2,131789,2016-04-13
1255,Employee_254,49,4,6,37573,2016-05-17
1256,Employee_255,26,6,6,30687,2023-01-14
1257,Employee_256,29,5,4,36386,2015-11-18
1258,Employee_257,54,6,5,148533,2019-03-06
1259,Employee_258,34,5,8,148799,2015-05-07
1260,Employee_259,29,8,3,120705,2017-04-20
1261,Employee_260,55,5,10,139546,2017-10-09
1262,Employee_261,41,8,1,61408,2018-08-28
1263,Employee_262,32,1,8,64168,2015-03-15
1264,Employee_263,43,1,3,99093,2017-03-01
1265,Employee_264,39,5,10,149213,2017-09-15
1266,Employee_265,58,10,9,32319,2019-05-07
1267,Employee_266,36,8,2,44976,2015-04-02
1268,Employee_267,34,2,2,134647,2023-07-11
1269,Employee_268,48,1,4,100635,2016-11-06
1270,Employee_269,29,3,3,35861,2017-12-06
1271,Employee_270,35,5,3,37282,2017-07-08
1272,Employee_271,49,4,4,78913,2018-06-16
1273,Employee_272,31,7,1,114002,2017-08-30
1274,Employee_273,43,8,9,95986,2015-05-09
1275,Employee_274,49,10,4,34204,2016-10-12
1276,Employee_275,40,8,7,71642,2015-06-12
1277,Employee_276,25,7,5,130992,2015-12-11
1278,Employee_277,49,1,3,107290,2021-03-04
1279,Employee_278,49,3,10,128430,2015-02-27
1280,Employee_279,37,1,8,107729,2017-11-16
1281,Employee_280,57,8,8,32280,2018-05-25
1282,Employee_281,50,7,6,138624,2022-06-21
1283,Employee_282,25,8,3,39793,2018-09-27
1284,Employee_283,44,10,4,88270,2022-07-17
1285,Employee_284,47,2,7,68589,2018-12-19
1286,Employee_285,38,1,4,65605,2015-08-11
1287,Employee_286,40,7,1,129843,2018-07-08
1288,Employee_287,48,9,1,30219,2016-06-16
1289,Employee_288,22,8,2,42967,2023-06-27
1290,Employee_289,30,2,9,41142,2017-01-03
1291,Employee_290,51,8,4,78456,2019-12-06
1292,Employee_291,49,9,5,41372,2017-01-14
1293,Employee_292,55,9,9,128603,2018-01-22
1294,Employee_293,43,7,10,113476,2015-09-10
1295,Employee_294,32,5,5,53104,2018-10-22
1296,Employee_295,23,10,10,79820,2017-06-28
1297,Employee_296,44,6,4,52233,2022-06-28
1298,Employee_297,43,6,10,32089,2019-07-01
1299,Employee_298,42,7,4,33879,2015-11-11
1300,Employee_299,36,8,4,38686,2020-07-06
1301,Employee_300,24,10,4,113400,2020-06-14
1302,Employee_301,24,10,5,132359,2016-07-12
1303,Employee_302,24,1,2,40858,2020-08-07
1304,Employee_303,49,7,4,119169,2016-08-24
1305,Employee_304,36,9,10,143610,2020-10-18
1306,Employee_305,58,2,5,127727,2021-10-30
1307,Employee_306,51,7,10,114680,2021-04-26
1308,Employee_307,35,5,3,114585,2019-08-06
1309,Employee_308,51,5,4,28380,2021-01-23
1310,Employee_309,27,8,8,53022,2015-02-16
1311,Employee_310,22,3,6,78573,2020-08-01
1312,Employee_311,51,3,7,81530,2017-05-23
1313,Employee_312,40,7,3,106831,2018-02-07
1314,Employee_313,57,3,10,36304,2021-06-29
1315,Employee_314,34,5,6,49067,2016-04-09
1316,Employee_315,41,5,3,117391,2017-09-22
1317,Employee_316,53,2,2,100680,2020-08-16
1318,Employee_317,29,3,9,133330,2020-12-04
1319,Employee_318,33,8,2,30427,2016-10-10
1320,Employee_319,54,9,6,131187,2017-03-14
1321,Employee_320,50,3,6,136278,2020-07-16
1322,Employee_321,32,5,10,148304,2018-11-05
1323,Employee_322,41,5,8,86519,2016-01-31
1324,Employee_323,35,7,3,91760,2016-03-16
1325,Employee_324,25,1,3,69925,2023-12-03
1326,Employee_325,55,6,8,40457,2020-07-13
1327,Employee_326,30,7,2,123422,2016-06-16
1328,Employee_327,42,10,5,51706,2018-05-02
1329,Employee_328,38,2,3,30179,2021-08-06
1330,Employee_329,38,6,8,136579,2023-01-29
1331,Employee_330,43,1,10,126060,2015-05-08
1332,Employee_331,34,7,1,57218,2019-07-30
1333,Employee_332,41,6,10,148206,2022-05-18
1334,Employee_333,29,8,7,37944,2018-07-12
1335,Employee_334,48,2,4,52795,2020-05-25
1336,Employee_335,32,5,6,146155,2022-12-02
1337,Employee_336,43,5,3,106271,2018-11-07
1338,Employee_337,33,3,6,71160,2019-04-15
1339,Employee_338,31,9,8,117807,2016-12-16
1340,Employee_339,34,6,6,62547,2016-07-31
1341,Employee_340,39,8,4,99028,2023-10-14
1342,Employee_341,23,10,6,50092,2022-06-29
1343,Employee_342,37,1,5,74085,2022-03-10
1344,Employee_343,49,5,1,63704,2015-08-23
1345,Employee_344,56,1,5,30744,2016-08-30
1346,Employee_345,54,5,5,38942,2023-03-15
1347,Employee_346,33,5,2,85246,2015-11-02
1348,Employee_347,41,1,3,40990,2022-08-23
1349,Employee_348,36,6,5,95233,2016-10-13
1350,Employee_349,33,10,6,127065,2015-11-15
1351,Employee_350,25,8,2,49731,2021-08-09
1352,Employee_351,55,7,5,111446,2015-12-22
1353,Employee_352,58,6,2,74383,2016-07-15
1354,Employee_353,46,5,2,91871,2023-01-28
1355,Employee_354,37,2,8,147214,2017-10-05
1356,Employee_355,33,9,5,115150,2020-11-01
1357,Employee_356,30,4,3,90139,2017-08-24
1358,Employee_357,32,9,7,102269,2021-11-30
1359,Employee_358,59,6,10,55964,2019-01-14
1360,Employee_359,51,3,3,105747,2023-07-09
1361,Employee_360,58,2,5,94507,2015-11-17
1362,Employee_361,37,3,2,41177,2020-10-05
1363,Employee_362,30,1,2,149352,2015-06-22
1364,Employee_363,25,4,8,145000,2023-02-07
1365,Employee_364,53,8,4,110526,2015-12-04
1366,Employee_365,46,9,9,136015,2023-02-13
1367,Employee_366,23,4,2,30827,2018-12-02
1368,Employee_367,41,9,10,106973,2022-04-18
1369,Employee_368,23,2,6,121639,2019-03-31
1370,Employee_369,40,8,3,59127,2023-02-23
1371,Employee_370,47,5,5,96183,2016-01-31
1372,Employee_371,54,1,8,140467,2016-11-09
1373,Employee_372,53,3,8,69718,2017-08-15
1374,Employee_373,44,3,6,130754,2016-12-24
1375,Employee_374,56,4,6,45241,2019-02-21
1376,Employee_375,51,2,7,141768,2022-07-22
1377,Employee_376,30,6,3,36334,2016-09-04
1378,Employee_377,26,9,7,147277,2019-08-05
1379,Employee_378,44,10,5,61162,2023-10-14
1380,Employee_379,37,7,9,74534,2022-05-21
1381,Employee_380,39,3,2,106220,2016-12-07
1382,Employee_381,31,7,9,104374,2022-03-30
1383,Employee_382,44,6,10,28998,2016-03-14
1384,Employee_383,23,4,6,60618,2016-09-06
1385,Employee_384,40,8,9,64641,2017-03-07
1386,Employee_385,45,4,4,106662,2016-08-07
1387,Employee_386,51,1,5,135996,2015-06-23
1388,Employee_387,52,4,6,80635,2016-02-13
1389,Employee_388,42,8,3,64753,2019-02-22
1390,Employee_389,45,7,6,77150,2023-02-24
1391,Employee_390,42,1,7,135098,2021-02-24
1392,Employee_391,28,5,1,113548,2018-02-16
1393,Employee_392,43,8,10,30880,2015-03-21
1394,Employee_393,38,4,6,72877,2021-12-13
1395,Employee_394,48,1,8,111217,2019-07-03
1396,Employee_395,25,6,4,146879,2016-08-09
1397,Employee_396,51,4,7,83209,2023-12-05
1398,Employee_397,26,5,9,91629,2022-04-02
1399,Employee_398,25,6,9,103205,2015-03-09
1400,Employee_399,38,2,10,36556,2021-06-22
1401,Employee_400,23,9,1,62387,2017-04-18
1402,Employee_401,46,10,1,134774,2021-12-07
1403,Employee_402,50,9,4,102551,2017-04-07
1404,Employee_403,48,8,6,132865,2015-09-16
1405,Employee_404,42,10,9,97513,2023-11-25
1406,Employee_405,49,7,3,137348,2015-04-24
1407,Employee_406,32,2,2,67533,2020-08-11
1408,Employee_407,43,6,2,123602,2020-06-07
1409,Employee_408,29,2,4,102111,2022-07-11
1410,Employee_409,40,9,7,47274,2015-05-27
1411,Employee_410,24,7,10,82495,2015-01-27
1412,Employee_411,50,5,10,132177,2017-10-29
1413,Employee_412,31,7,6,54960,2020-03-18
1414,Employee_413,33,9,10,68529,2015-10-27
1415,Employee_414,23,7,2,106659,2016-09-22
1416,Employee_415,45,3,9,96259,2021-11-22
1417,Employee_416,58,3,5,35663,2015-01-06
1418,Employee_417,36,7,10,124924,2019-06-06
1419,Employee_418,46,2,8,96956,2019-05-17
1420,Employee_419,59,10,3,131827,2022-10-02
1421,Employee_420,48,1,6,108274,2016-06-04
1422,Employee_421,33,2,7,33137,2018-03-01
1423,Employee_422,45,2,1,65217,2023-04-09
1424,Employee_423,44,9,9,88768,2022-03-25
1425,Employee_424,50,4,4,79071,2015-06-27
1426,Employee_425,29,2,4,59851,2018-10-13
1427,Employee_426,40,3,3,139250,2015-02-18
1428,Employee_427,24,1,1,54910,2019-02-10
1429,Employee_428,44,1,10,106315,2019-07-21
1430,Employee_429,42,3,5,90048,2019-07-23
1431,Employee_430,59,2,2,134807,2017-03-25
1432,Employee_431,59,6,2,77949,2022-08-19
1433,Employee_432,58,10,4,30835,2020-10-30
1434,Employee_433,30,3,5,49332,2017-03-24
1435,Employee_434,42,6,7,93684,2023-05-02
1436,Employee_435,27,3,2,61563,2021-08-21
1437,Employee_436,25,10,8,47460,2015-10-18
1438,Employee_437,43,7,9,99901,2023-05-31
1439,Employee_438,53,9,8,42003,2023-06-04
1440,Employee_439,39,2,4,84674,2019-01-27
1441,Employee_440,52,1,7,77417,2015-07-06
1442,Employee_441,45,9,4,92875,2015-06-10
1443,Employee_442,24,8,1,46848,2018-01-16
1444,Employee_443,47,9,2,46869,2021-10-23
1445,Employee_444,57,2,1,136306,2023-01-30
1446,Employee_445,22,9,1,50046,2023-08-31
1447,Employee_446,48,7,3,46185,2022-07-08
1448,Employee_447,43,1,3,70506,2022-04-14
1449,Employee_448,46,2,9,82110,2016-06-28
1450,Employee_449,52,8,2,132076,2016-04-14
1451,Employee_450,51,5,10,71142,2017-11-13
1452,Employee_451,27,3,5,101870,2020-03-11
1453,Employee_452,34,2,2,139115,2019-08-28
1454,Employee_453,33,6,1,148912,2015-09-12
1455,Employee_454,33,3,5,142488,2021-04-27
1456,Employee_455,36,8,8,128889,2023-04-24
1457,Employee_456,33,4,2,48010,2017-06-10
1458,Employee_457,32,1,7,74706,2016-03-10
1459,Employee_458,56,9,4,104383,2022-03-11
1460,Employee_459,50,8,3,94091,2015-09-12
1461,Employee_460,39,10,5,73335,2019-06-15
1462,Employee_461,51,10,1,76861,2019-04-03
1463,Employee_462,50,10,5,81613,2019-07-28
1464,Employee_463,51,7,9,59146,2017-04-24
1465,Employee_464,34,9,2,77957,2019-01-07
1466,Employee_465,40,5,1,46252,2020-01-27
1467,Employee_466,53,2,9,37599,2016-12-21
1468,Employee_467,51,10,8,144066,2022-09-02
1469,Employee_468,57,1,3,72679,2017-03-17
1470,Employee_469,32,5,7,32724,2015-10-14
1471,Employee_470,47,4,9,96186,2022-05-01
1472,Employee_471,37,10,10,113800,2019-04-22
1473,Employee_472,30,6,5,48966,2023-02-06
1474,Employee_473,46,9,7,67635,2020-08-30
1475,Employee_474,43,9,3,67797,2019-09-28
1476,Employee_475,38,3,10,48895,2016-06-04
1477,Employee_476,29,6,4,94671,2020-02-26
1478,Employee_477,55,5,3,72574,2020-04-24
1479,Employee_478,26,3,2,94183,2018-06-13
1480,Employee_479,42,3,8,40829,2022-01-22
1481,Employee_480,59,4,5,31140,2016-03-14
1482,Employee_481,53,7,7,120274,2016-09-10
1483,Employee_482,45,8,3,77837,2020-07-17
1484,Employee_483,27,5,7,53410,2016-01-26
1485,Employee_484,37,1,3,64840,2022-08-15
1486,Employee_485,56,9,7,92998,2018-06-14
1487,Employee_486,49,7,2,53500,2018-09-28
1488,Employee_487,59,10,10,39669,2021-06-07
1489,Employee_488,23,8,3,112729,2021-03-10
1490,Employee_489,59,6,1,80052,2020-07-13
1491,Employee_490,46,1,6,134709,2020-03-27
1492,Employee_491,54,8,1,107988,2016-04-01
1493,Employee_492,58,5,8,86033,2020-03-05
1494,Employee_493,39,9,6,70853,2022-02-20
1495,Employee_494,40,8,10,100755,2018-03-24
1496,Employee_495,57,6,8,77339,2015-06-08
1497,Employee_496,46,3,4,48001,2023-12-31
1498,Employee_497,50,5,6,71863,2018-09-08
1499,Employee_498,30,9,4,31786,2019-08-14
1500,Employee_499,45,6,7,32599,2015-11-12
1501,Employee_500,42,1,10,129145,2015-03-28
1502,Employee_501,45,1,4,65264,2015-04-11
1503,Employee_502,42,1,7,35927,2020-02-20
1504,Employee_503,42,5,2,121032,2018-05-15
1505,Employee_504,35,3,4,75420,2018-01-31
1506,Employee_505,25,8,9,111372,2021-09-09
1507,Employee_506,40,1,7,99849,2023-08-20
1508,Employee_507,39,4,10,40658,2019-04-20
1509,Employee_508,51,5,3,68552,2019-08-10
1510,Employee_509,46,5,4,87055,2016-02-10
1511,Employee_510,44,8,4,124248,2017-10-26
1512,Employee_511,45,2,8,87261,2023-11-11
1513,Employee_512,27,1,4,127255,2018-05-11
1514,Employee_513,52,7,7,128346,2015-03-07
1515,Employee_514,37,9,9,99976,2018-04-17
1516,Employee_515,25,6,5,110128,2019-02-07
1517,Employee_516,40,2,1,126576,2017-12-13
1518,Employee_517,45,4,3,93779,2016-01-11
1519,Employee_518,51,4,10,121667,2017-11-11
1520,Employee_519,42,7,4,41290,2019-03-30
1521,Employee_520,44,9,8,53175,2015-01-03
1522,Employee_521,54,7,5,75916,2015-08-20
1523,Employee_522,32,6,6,128005,2015-03-06
1524,Employee_523,47,4,4,123700,2021-10-05
1525,Employee_524,32,3,4,120138,2021-04-10
1526,Employee_525,51,7,4,103004,2023-08-27
1527,Employee_526,33,5,6,144528,2020-08-26
1528,Employee_527,43,10,9,140791,2019-08-18
1529,Employee_528,35,2,9,69882,2018-09-27
1530,Employee_529,47,2,8,64108,2018-11-28
1531,Employee_530,34,3,3,136900,2017-09-15
1532,Employee_531,54,2,3,138075,2023-12-11
1533,Employee_532,57,5,4,126690,2015-06-04
1534,Employee_533,41,8,10,121401,2023-08-01
1535,Employee_534,41,8,2,136234,2017-11-02
1536,Employee_535,49,10,1,56086,2022-01-10
1537,Employee_536,28,10,10,45529,2020-05-23
1538,Employee_537,36,4,8,54420,2015-01-03
1539,Employee_538,45,5,9,130392,2023-03-10
1540,Employee_539,43,1,2,143085,2023-03-25
1541,Employee_540,27,4,4,130306,2019-12-16
1542,Employee_541,26,5,10,141572,2017-01-28
1543,Employee_542,53,10,1,88091,2018-08-25
1544,Employee_543,30,5,8,45887,2019-04-11
1545,Employee_544,48,1,7,40948,2023-03-28
1546,Employee_545,35,10,1,112339,2020-05-06
1547,Employee_546,26,10,2,129185,2018-07-03
1548,Employee_547,28,1,1,83454,2016-02-14
1549,Employee_548,27,4,1,102278,2015-10-03
1550,Employee_549,44,4,6,141193,2023-06-24
1551,Employee_550,23,5,9,114681,2016-08-30
1552,Employee_551,42,4,4,107081,2016-11-24
1553,Employee_552,45,4,6,32745,2018-03-01
1554,Employee_553,30,4,10,59409,2016-03-13
1555,Employee_554,51,5,2,138752,2016-11-03
1556,Employee_555,59,3,9,140566,2022-05-09
1557,Employee_556,45,2,10,78182,2022-01-29
1558,Employee_557,34,6,9,134452,2018-05-31
1559,Employee_558,24,3,7,32942,2018-04-01
1560,Employee_559,29,5,9,141156,2018-02-26
1561,Employee_560,59,9,1,78280,2016-05-29
1562,Employee_561,47,6,1,62142,2019-09-09
1563,Employee_562,57,8,9,104768,2023-09-29
1564,Employee_563,29,10,1,138719,2022-03-05
1565,Employee_564,52,4,3,121727,2021-03-09
1566,Employee_565,25,1,5,55718,2019-07-30
1567,Employee_566,49,6,3,141204,2023-04-22
1568,Employee_567,22,1,6,46343,2020-03-28
1569,Employee_568,49,2,5,119158,2016-07-19
1570,Employee_569,50,10,7,46124,2021-09-22
1571,Employee_570,51,9,8,119521,2016-12-04
1572,Employee_571,49,5,8,75749,2020-09-09
1573,Employee_572,29,8,6,59136,2016-01-11
1574,Employee_573,48,5,1,97807,2022-08-08
1575,Employee_574,40,9,8,132118,2015-01-03
1576,Employee_575,31,3,5,147519,2020-02-17
1577,Employee_576,48,3,6,71233,2017-10-21
1578,Employee_577,51,1,9,70891,2021-12-25
1579,Employee_578,41,10,5,82322,2016-02-28
1580,Employee_579,52,7,10,64566,2018-12-27
1581,Employee_580,48,2,5,35698,2021-03-06
1582,Employee_581,45,9,1,49613,2016-05-27
1583,Employee_582,35,6,5,93846,2016-11-19
1584,Employee_583,38,10,10,61327,2017-05-26
1585,Employee_584,29,8,6,88458,2020-04-10
1586,Employee_585,28,1,1,29213,2018-10-06
1587,Employee_586,49,4,2,108440,2021-01-02
1588,Employee_587,40,6,3,105687,2019-05-03
1589,Employee_588,48,3,4,114382,2020-03-09
1590,Employee_589,32,8,1,130301,2021-06-09
1591,Employee_590,55,8,9,128879,2019-11-09
1592,Employee_591,54,3,7,48392,2023-01-20
1593,Employee_592,43,9,7,134023,2020-10-05
1594,Employee_593,23,6,10,134764,2017-09-27
1595,Employee_594,25,10,10,110055,2019-01-07
1596,Employee_595,44,9,9,116850,2017-09-29
1597,Employee_596,33,6,7,33871,2023-07-18
1598,Employee_597,53,1,5,80507,2020-04-15
1599,Employee_598,37,8,3,131590,2015-08-22
1600,Employee_599,44,2,8,54698,2023-04-30
1601,Employee_600,52,6,6,119892,2015-11-05
1602,Employee_601,24,3,9,92057,2021-06-24
1603,Employee_602,54,10,10,53803,2021-09-24
1604,Employee_603,38,5,7,97705,2021-07-26
1605,Employee_604,43,9,3,125149,2022-07-23
1606,Employee_605,59,3,9,55991,2023-09-17
1607,Employee_606,22,7,5,84194,2023-10-31
1608,Employee_607,41,6,10,37581,2017-03-01
1609,Employee_608,55,1,1,31356,2020-01-23
1610,Employee_609,59,6,1,97263,2019-06-16
1611,Employee_610,52,2,7,143580,2017-09-10
1612,Employee_611,47,6,2,80072,2020-02-09
1613,Employee_612,29,10,3,95076,2023-11-29
1614,Employee_613,31,3,9,97486,2018-11-24
1615,Employee_614,48,4,1,41595,2017-05-26
1616,Employee_615,45,9,7,82981,2018-05-04
1617,Employee_616,23,2,9,130663,2016-02-26
1618,Employee_617,54,10,5,32704,2020-07-16
1619,Employee_618,24,5,4,83761,2017-09-02
1620,Employee_619,32,10,4,87248,2022-03-12
1621,Employee_620,58,4,8,142230,2021-05-03
1622,Employee_621,44,2,6,73290,2018-04-02
1623,Employee_622,56,3,10,115677,2018-06-19
1624,Employee_623,43,7,6,70640,2020-04-29
1625,Employee_624,39,3,5,59322,2023-12-06
1626,Employee_625,26,6,1,56439,2017-06-24
1627,Employee_626,45,2,5,112197,2021-05-14
1628,Employee_627,35,2,2,109794,2019-07-23
1629,Employee_628,53,9,1,41888,2020-07-19
1630,Employee_629,59,5,7,88405,2019-10-22
1631,Employee_630,31,3,6,128634,2023-04-16
1632,Employee_631,46,8,5,113518,2022-06-04
1633,Employee_632,45,6,9,81284,2021-01-10
1634,Employee_633,52,2,3,110949,2016-06-13
1635,Employee_634,49,6,2,87200,2022-09-26
1636,Employee_635,28,7,1,39618,2017-11-09
1637,Employee_636,59,7,8,77707,2017-05-12
1638,Employee_637,27,2,4,83880,2021-05-13
1639,Employee_638,59,4,5,88721,2016-05-14
1640,Employee_639,31,8,10,57040,2016-04-29
1641,Employee_640,39,8,10,143916,2018-10-16
1642,Employee_641,30,7,7,36811,2021-02-01
1643,Employee_642,22,8,8,137577,2018-07-16
1644,Employee_643,43,6,7,134012,2022-06-27
1645,Employee_644,46,9,1,69767,2018-07-29
1646,Employee_645,24,7,6,127732,2019-01-01
1647,Employee_646,56,9,6,116835,2023-11-30
1648,Employee_647,26,2,1,53815,2023-07-29
1649,Employee_648,26,2,7,69060,2019-03-19
1650,Employee_649,39,9,8,142789,2020-03-24
1651,Employee_650,46,7,7,139304,2020-11-02
1652,Employee_651,24,2,7,100813,2017-01-28
1653,Employee_652,59,7,8,96360,2022-06-24
1654,Employee_653,38,4,9,91827,2022-11-19
1655,Employee_654,51,8,5,81312,2023-04-21
1656,Employee_655,29,3,4,43989,2018-01-30
1657,Employee_656,35,9,7,64383,2021-06-07
1658,Employee_657,55,10,3,118150,2016-06-20
1659,Employee_658,36,4,4,31193,2022-01-13
1660,Employee_659,38,5,1,29205,2019-07-04
1661,Employee_660,46,1,9,42606,2022-10-01
1662,Employee_661,53,9,3,149951,2019-06-29
1663,Employee_662,59,4,7,69185,2022-12-15
1664,Employee_663,29,4,5,56684,2022-12-18
1665,Employee_664,34,9,8,144385,2020-06-09
1666,Employee_665,28,7,6,110030,2017-01-18
1667,Employee_666,28,2,6,34425,2019-10-03
1668,Employee_667,57,4,6,91964,2015-11-24
1669,Employee_668,42,1,1,107112,2018-09-09
1670,Employee_669,54,3,6,86680,2020-04-30
1671,Employee_670,45,1,2,105285,2021-01-17
1672,Employee_671,55,9,8,66962,2021-04-28
1673,Employee_672,52,1,10,45034,2019-06-16
1674,Employee_673,31,1,4,97565,2019-04-07
1675,Employee_674,52,6,9,100885,2022-01-20
1676,Employee_675,41,10,7,103730,2022-02-17
1677,Employee_676,47,9,2,96648,2018-03-20
1678,Employee_677,24,3,10,113798,2022-08-01
1679,Employee_678,30,3,3,77993,2022-02-18
1680,Employee_679,43,3,8,74126,2015-03-31
1681,Employee_680,57,5,1,126704,2018-09-04
1682,Employee_681,51,9,9,67354,2017-08-22
1683,Employee_682,40,6,10,117579,2015-09-13
1684,Employee_683,55,2,1,115319,2023-12-02
1685,Employee_684,45,9,5,101950,2017-04-09
1686,Employee_685,36,9,8,119961,2019-03-20
1687,Employee_686,39,4,2,84264,2016-07-11
1688,Employee_687,54,3,2,92961,2021-08-07
1689,Employee_688,53,7,7,144761,2020-06-12
1690,Employee_689,44,4,1,116836,2016-08-20
1691,Employee_690,53,9,6,97445,2016-10-06
1692,Employee_691,51,4,8,32092,2019-01-19
1693,Employee_692,37,10,10,59749,2016-02-09
1694,Employee_693,59,10,4,95405,2015-05-25
1695,Employee_694,49,9,7,35953,2022-01-22
1696,Employee_695,27,4,7,72339,2016-04-18
1697,Employee_696,41,3,3,119841,2022-03-23
1698,Employee_697,25,7,4,67840,2017-04-24
1699,Employee_698,47,10,2,112795,2018-03-31
1700,Employee_699,35,2,4,106654,2015-12-22
1701,Employee_700,25,5,9,147643,2021-07-13
1702,Employee_701,54,6,1,111404,2017-08-19
1703,Employee_702,32,8,3,124462,2018-12-21
1704,Employee_703,32,6,2,50563,2017-10-25
1705,Employee_704,35,1,8,100923,2018-07-19
1706,Employee_705,47,1,7,59515,2021-04-13
1707,Employee_706,38,3,3,147108,2020-05-18
1708,Employee_707,42,10,7,136363,2019-10-10
1709,Employee_708,44,5,3,132521,2020-09-14
1710,Employee_709,55,2,10,149869,2022-02-08
1711,Employee_710,36,8,8,50357,2021-12-12
1712,Employee_711,57,5,4,111925,2020-04-11
1713,Employee_712,31,7,2,38556,2016-04-18
1714,Employee_713,54,3,7,148921,2023-10-24
1715,Employee_714,37,1,5,102292,2016-06-24
1716,Employee_715,45,9,10,40316,2020-11-22
1717,Employee_716,23,6,1,93693,2018-05-23
1718,Employee_717,42,6,3,88063,2023-08-12
1719,Employee_718,24,10,7,91558,2020-11-27
1720,Employee_719,24,2,10,141846,2016-08-23
1721,Employee_720,52,5,6,117624,2015-10-16
1722,Employee_721,40,9,9,142810,2021-03-18
1723,Employee_722,45,3,1,54967,2020-06-08
1724,Employee_723,41,9,5,121168,2019-03-20
1725,Employee_724,41,8,10,33148,2016-03-25
1726,Employee_725,26,4,4,62509,2019-12-24
1727,Employee_726,24,1,8,136234,2020-03-30
1728,Employee_727,55,8,3,39081,2018-03-10
1729,Employee_728,52,4,10,93569,2021-12-19
1730,Employee_729,55,5,9,147239,2021-05-05
1731,Employee_730,36,4,3,96089,2016-07-15
1732,Employee_731,41,5,10,45081,2015-02-11
1733,Employee_732,22,3,6,137650,2021-01-23
1734,Employee_733,41,8,2,28921,2015-02-17
1735,Employee_734,23,10,8,112881,2019-12-08
1736,Employee_735,46,1,8,38955,2019-01-24
1737,Employee_736,41,7,10,31599,2023-06-13
1738,Employee_737,48,7,5,51958,2023-07-11
1739,Employee_738,35,7,10,117256,2016-11-15
1740,Employee_739,49,4,8,137374,2023-01-06
1741,Employee_740,58,2,5,103771,2022-04-23
1742,Employee_741,35,1,8,32997,2020-03-23
1743,Employee_742,46,1,5,123432,2016-01-26
1744,Employee_743,58,6,5,147097,2017-12-23
1745,Employee_744,44,3,2,80164,2022-07-09
1746,Employee_745,59,10,10,118766,2015-06-30
1747,Employee_746,27,6,9,146715,2021-07-17
1748,Employee_747,27,3,5,45278,2020-03-05
1749,Employee_748,24,9,7,102021,2018-11-21
1750,Employee_749,27,5,9,121574,2022-10-10
1751,Employee_750,25,4,2,105359,2023-06-22
1752,Employee_751,40,5,4,54862,2019-09-01
1753,Employee_752,51,2,3,127251,2018-06-14
1754,Employee_753,58,4,10,143208,2020-12-16
1755,Employee_754,51,6,10,88527,2017-03-11
1756,Employee_755,59,3,1,51638,2020-07-23
1757,Employee_756,30,3,9,144476,2019-12-27
1758,Employee_757,57,4,10,149966,2018-10-09
1759,Employee_758,38,2,3,28740,2017-07-31
1760,Employee_759,43,1,6,39341,2016-12-27
1761,Employee_760,43,4,5,135369,2021-02-15
1762,Employee_761,42,10,3,35945,2017-12-12
1763,Employee_762,56,3,5,123825,2016-07-25
1764,Employee_763,30,2,10,81018,2020-09-06
1765,Employee_764,25,1,8,106704,2022-03-08
1766,Employee_765,38,3,5,101721,2016-02-03
1767,Employee_766,39,6,2,77641,2017-04-16
1768,Employee_767,24,8,1,33504,2019-05-10
1769,Employee_768,59,5,1,81267,2023-09-12
1770,Employee_769,41,5,3,93771,2018-09-24
1771,Employee_770,53,6,8,37757,2021-03-24
1772,Employee_771,34,4,10,126448,2020-05-27
1773,Employee_772,54,6,7,61002,2017-02-02
1774,Employee_773,59,1,1,105987,2023-08-30
1775,Employee_774,33,1,3,132413,2017-04-25
1776,Employee_775,42,8,5,92654,2021-12-19
1777,Employee_776,46,5,7,82712,2019-07-31
1778,Employee_777,35,8,6,59628,2020-10-28
1779,Employee_778,52,2,3,70526,2016-02-10
1780,Employee_779,52,8,6,111499,2018-01-24
1781,Employee_780,40,10,8,81861,2018-10-23
1782,Employee_781,30,7,4,70591,2016-06-25
1783,Employee_782,42,5,10,34124,2016-05-18
1784,Employee_783,39,10,8,89339,2021-11-12
1785,Employee_784,53,6,3,90972,2018-11-16
1786,Employee_785,47,3,10,52442,2016-09-02
1787,Employee_786,30,9,8,89026,2016-03-08
1788,Employee_787,51,7,4,64681,2017-04-30
1789,Employee_788,31,9,5,143835,2021-11-06
1790,Employee_789,26,7,4,112128,2017-10-11
1791,Employee_790,26,8,1,91507,2018-11-02
1792,Employee_791,49,1,6,28772,2015-01-16
1793,Employee_792,46,10,3,76470,2018-02-17
1794,Employee_793,47,1,4,82735,2022-09-27
1795,Employee_794,27,10,7,147529,2017-05-15
1796,Employee_795,50,5,9,80761,2023-02-27
1797,Employee_796,32,2,1,121843,2016-05-30
1798,Employee_797,49,1,4,77863,2020-05-27
1799,Employee_798,26,1,3,89754,2015-01-05
1800,Employee_799,43,6,7,145562,2020-01-22
1801,Employee_800,26,7,9,54588,2017-07-17
1802,Employee_801,33,2,1,93157,2022-08-14
1803,Employee_802,48,10,8,47391,2022-03-03
1804,Employee_803,54,4,3,57883,2015-11-01
1805,Employee_804,32,5,5,140266,2022-10-23
1806,Employee_805,48,2,10,44720,2017-01-15
1807,Employee_806,32,1,4,93922,2015-12-28
1808,Employee_807,46,10,5,142312,2023-06-24
1809,Employee_808,47,3,3,123614,2017-05-16
1810,Employee_809,48,4,1,135534,2018-10-26
1811,Employee_810,24,4,2,80257,2019-02-18
1812,Employee_811,42,10,1,46179,2021-09-07
1813,Employee_812,45,2,1,74449,2018-09-26
1814,Employee_813,23,3,6,115803,2015-08-09
1815,Employee_814,42,2,7,102185,2023-06-06
1816,Employee_815,27,9,9,53971,2017-12-31
1817,Employee_816,35,9,10,82066,2019-10-10
1818,Employee_817,30,9,2,99471,2022-06-18
1819,Employee_818,44,4,4,143696,2019-06-25
1820,Employee_819,23,2,3,146479,2022-11-30
1821,Employee_820,32,5,5,107952,2015-03-19
1822,Employee_821,48,5,4,127826,2017-12-28
1823,Employee_822,50,8,4,64674,2023-01-04
1824,Employee_823,41,3,3,83704,2016-12-07
1825,Employee_824,25,7,10,112761,2015-05-22
1826,Employee_825,35,8,8,52807,2020-06-17
1827,Employee_826,56,10,1,56485,2021-11-17
1828,Employee_827,29,2,10,96046,2017-05-04
1829,Employee_828,30,5,6,63286,2021-10-30
1830,Employee_829,33,10,7,41739,2018-09-04
1831,Employee_830,57,6,7,109228,2019-12-09
1832,Employee_831,53,9,1,123676,2017-04-14
1833,Employee_832,23,3,8,44115,2022-08-29
1834,Employee_833,56,9,2,54082,2023-08-02
1835,Employee_834,29,5,2,123812,2018-06-30
1836,Employee_835,45,8,1,128737,2022-08-29
1837,Employee_836,25,5,3,127199,2023-02-02
1838,Employee_837,39,7,6,87990,2022-06-06
1839,Employee_838,35,2,7,82641,2018-08-04
1840,Employee_839,35,3,4,101137,2016-01-27
1841,Employee_840,25,8,9,44995,2016-04-07
1842,Employee_841,44,9,7,91844,2018-11-23
1843,Employee_842,26,7,6,61159,2022-03-16
1844,Employee_843,40,6,7,149518,2018-08-15
1845,Employee_844,24,5,9,58147,2015-02-03
1846,Employee_845,35,7,1,124673,2020-12-30
1847,Employee_846,58,9,7,88589,2015-04-29
1848,Employee_847,27,2,4,72697,2018-12-30
1849,Employee_848,39,3,3,94538,2019-09-07
1850,Employee_849,48,4,10,115573,2021-08-04
1851,Employee_850,28,10,2,51045,2017-06-25
1852,Employee_851,30,8,9,65389,2021-08-17
1853,Employee_852,36,8,10,96842,2018-01-11
1854,Employee_853,29,10,6,60770,2018-04-22
1855,Employee_854,49,1,7,69518,2023-04-30
1856,Employee_855,58,5,9,105117,2016-02-17
1857,Employee_856,56,6,2,69189,2016-09-13
1858,Employee_857,43,6,2,51561,2019-05-09
1859,Employee_858,50,3,7,101938,2018-09-13
1860,Employee_859,58,4,4,58553,2022-10-24
1861,Employee_860,37,5,8,55725,2016-01-08
1862,Employee_861,44,6,6,106320,2023-06-02
1863,Employee_862,42,7,5,38239,2021-11-07
1864,Employee_863,38,6,8,149914,2018-07-07
1865,Employee_864,31,10,7,56137,2021-05-12
1866,Employee_865,51,2,5,101127,2016-06-16
1867,Employee_866,38,8,6,58187,2018-03-14
1868,Employee_867,44,2,3,143835,2021-11-19
1869,Employee_868,44,8,8,90321,2023-05-23
1870,Employee_869,30,8,1,94593,2016-11-29
1871,Employee_870,58,2,8,142798,2018-10-21
1872,Employee_871,44,9,10,64903,2016-08-21
1873,Employee_872,27,7,3,127078,2019-11-10
1874,Employee_873,26,3,3,32070,2023-11-25
1875,Employee_874,49,8,9,50908,2016-01-15
1876,Employee_875,40,9,4,61601,2015-11-22
1877,Employee_876,35,3,9,44852,2022-08-22
1878,Employee_877,34,9,5,62599,2023-03-30
1879,Employee_878,23,9,8,49344,2021-09-10
1880,Employee_879,22,6,6,146611,2015-01-03
1881,Employee_880,26,1,8,101319,2022-10-01
1882,Employee_881,44,2,1,104489,2018-09-19
1883,Employee_882,42,9,4,52876,2019-04-16
1884,Employee_883,25,10,2,141517,2023-04-10
1885,Employee_884,48,6,7,122533,2022-01-26
1886,Employee_885,41,8,2,128406,2017-10-24
1887,Employee_886,39,5,8,138784,2021-12-02
1888,Employee_887,44,7,2,30911,2016-11-12
1889,Employee_888,28,6,7,82158,2022-11-15
1890,Employee_889,39,6,3,91336,2015-11-10
1891,Employee_890,29,1,9,42084,2017-10-01
1892,Employee_891,26,1,5,47953,2021-04-03
1893,Employee_892,24,4,8,68790,2017-05-02
1894,Employee_893,26,1,6,147707,2019-10-17
1895,Employee_894,55,2,7,62447,2023-06-04
1896,Employee_895,41,6,6,96560,2015-10-07
1897,Employee_896,45,4,1,116086,2018-12-09
1898,Employee_897,33,10,10,34616,2020-07-30
1899,Employee_898,57,9,8,33723,2015-11-14
1900,Employee_899,33,1,4,135074,2023-10-14
1901,Employee_900,50,2,8,145908,2021-11-21
1902,Employee_901,46,10,10,56340,2022-08-26
1903,Employee_902,24,2,8,147926,2015-06-10
1904,Employee_903,55,6,9,80515,2016-05-15
1905,Employee_904,40,8,1,52546,2019-06-21
1906,Employee_905,41,3,1,64980,2015-11-28
1907,Employee_906,54,3,2,37650,2016-03-16
1908,Employee_907,54,7,6,54034,2018-08-30
1909,Employee_908,49,7,5,100343,2015-11-25
1910,Employee_909,33,1,2,55505,2021-10-27
1911,Employee_910,48,8,9,70794,2015-02-04
1912,Employee_911,51,2,6,148072,2019-01-21
1913,Employee_912,44,2,5,129598,2015-08-22
1914,Employee_913,35,1,5,50725,2019-01-30
1915,Employee_914,39,9,2,71624,2020-07-22
1916,Employee_915,23,9,7,51974,2015-02-21
1917,Employee_916,47,9,7,140097,2021-11-11
1918,Employee_917,32,8,5,93415,2019-12-01
1919,Employee_918,41,9,10,116538,2017-12-27
1920,Employee_919,27,4,1,89910,2016-06-16
1921,Employee_920,43,9,6,121357,2021-05-17
1922,Employee_921,37,5,4,69547,2016-01-28
1923,Employee_922,54,8,10,81954,2023-06-26
1924,Employee_923,57,5,10,127711,2023-02-21
1925,Employee_924,52,7,2,115962,2021-03-21
1926,Employee_925,38,3,7,100897,2023-02-18
1927,Employee_926,22,7,2,90042,2018-09-02
1928,Employee_927,33,6,3,145463,2018-04-17
1929,Employee_928,29,5,4,41176,2022-07-01
1930,Employee_929,33,3,6,147258,2023-11-09
1931,Employee_930,37,2,4,89445,2018-03-17
1932,Employee_931,54,1,10,133644,2021-11-05
1933,Employee_932,36,6,5,134252,2016-11-08
1934,Employee_933,38,4,2,65918,2022-07-24
1935,Employee_934,43,2,4,33068,2015-12-13
1936,Employee_935,31,5,2,73581,2020-06-18
1937,Employee_936,31,2,6,137333,2017-07-10
1938,Employee_937,37,8,4,51175,2020-12-07
1939,Employee_938,39,10,9,40327,2023-08-26
1940,Employee_939,54,6,9,138281,2018-05-31
1941,Employee_940,46,4,1,62546,2019-03-31
1942,Employee_941,23,1,4,110173,2017-01-18
1943,Employee_942,39,6,9,139652,2016-03-04
1944,Employee_943,52,6,6,107402,2023-10-11
1945,Employee_944,43,10,10,54013,2019-01-05
1946,Employee_945,53,8,7,124757,2017-12-29
1947,Employee_946,45,8,8,105766,2016-04-01
1948,Employee_947,38,4,6,35701,2020-07-28
1949,Employee_948,38,9,1,114350,2015-11-26
1950,Employee_949,57,5,5,122626,2019-12-04
1951,Employee_950,26,9,9,130338,2023-05-22
1952,Employee_951,39,6,4,90582,2015-12-21
1953,Employee_952,51,10,9,109922,2021-02-16
1954,Employee_953,31,8,2,137497,2015-05-20
1955,Employee_954,45,5,3,111759,2020-11-19
1956,Employee_955,40,1,1,34015,2019-10-31
1957,Employee_956,55,6,6,136347,2023-05-21
1958,Employee_957,58,9,5,67917,2015-09-29
1959,Employee_958,56,5,10,138434,2015-08-29
1960,Employee_959,38,10,2,123511,2023-01-11
1961,Employee_960,29,8,4,118879,2018-01-10
1962,Employee_961,47,1,8,49931,2021-03-13
1963,Employee_962,24,6,9,133941,2018-01-11
1964,Employee_963,41,4,10,108359,2022-10-26
1965,Employee_964,51,2,6,91614,2019-01-03
1966,Employee_965,34,2,7,100001,2015-07-09
1967,Employee_966,35,8,3,29593,2018-01-05
1968,Employee_967,36,1,5,49754,2021-04-23
1969,Employee_968,30,3,3,144782,2023-09-17
1970,Employee_969,28,9,6,45855,2018-06-22
1971,Employee_970,56,3,7,31275,2019-09-07
1972,Employee_971,41,1,8,72676,2021-01-19
1973,Employee_972,50,9,6,73560,2023-08-04
1974,Employee_973,25,6,5,116797,2023-07-03
1975,Employee_974,50,2,10,58383,2017-01-17
1976,Employee_975,59,2,9,93293,2021-09-20
1977,Employee_976,40,3,7,45572,2020-03-23
1978,Employee_977,56,2,5,124082,2022-05-27
1979,Employee_978,39,2,1,76778,2020-06-26
1980,Employee_979,50,10,5,81382,2017-10-20
1981,Employee_980,37,3,4,45447,2023-09-14
1982,Employee_981,58,6,1,116656,2015-03-13
1983,Employee_982,46,4,8,148692,2019-03-22
1984,Employee_983,40,8,1,142370,2016-02-01
1985,Employee_984,43,5,5,44678,2022-03-13
1986,Employee_985,28,9,6,137475,2022-05-01
1987,Employee_986,26,8,10,83630,2022-08-21
1988,Employee_987,30,7,1,88110,2022-04-26
1989,Employee_988,27,2,5,86412,2023-11-03
1990,Employee_989,53,8,8,113468,2020-01-03
1991,Employee_990,50,6,1,125270,2022-03-23
1992,Employee_991,43,10,9,53424,2015-08-15
1993,Employee_992,47,6,9,64789,2023-01-06
1994,Employee_993,26,1,3,41879,2019-03-16
1995,Employee_994,28,5,2,76962,2018-06-06
1996,Employee_995,56,3,5,139707,2023-03-04
1997,Employee_996,42,2,8,48910,2016-07-26
1998,Employee_997,57,9,8,122340,2017-07-12
1999,Employee_998,49,3,3,42893,2021-03-30
2000,Employee_999,51,2,9,28977,2017-08-25
2001,Employee_1000,25,4,4,71745,2015-08-03
2002,Employee_1001,26,10,5,55804,2022-05-01
2003,Employee_1002,55,4,5,128058,2020-08-20
2004,Employee_1003,49,6,10,122868,2022-11-18
2005,Employee_1004,55,5,2,75152,2022-07-19
2006,Employee_1005,30,7,10,95039,2020-07-06
2007,Employee_1006,40,5,1,111736,2020-11-09
2008,Employee_1007,42,3,1,131787,2018-08-21
2009,Employee_1008,24,2,6,98868,2021-10-21
2010,Employee_1009,43,4,2,118397,2019-11-03
2011,Employee_1010,52,3,4,113357,2016-12-18
2012,Employee_1011,46,5,8,92743,2021-04-22
2013,Employee_1012,24,9,2,117191,2020-09-17
2014,Employee_1013,36,9,3,42586,2020-02-01
2015,Employee_1014,29,2,2,70288,2018-10-21
2016,Employee_1015,45,1,2,48087,2015-09-08
2017,Employee_1016,34,7,5,140320,2015-05-30
2018,Employee_1017,24,4,7,56181,2015-10-07
2019,Employee_1018,56,9,2,36051,2020-02-02
2020,Employee_1019,26,10,4,73076,2017-08-19
2021,Employee_1020,26,9,5,130219,2023-09-29
2022,Employee_1021,55,8,10,109937,2023-06-01
2023,Employee_1022,31,2,1,85084,2022-05-02
2024,Employee_1023,51,9,9,148659,2023-02-20
2025,Employee_1024,34,3,8,132347,2019-01-07
2026,Employee_1025,30,9,8,67778,2019-10-21
2027,Employee_1026,51,5,10,108110,2023-04-30
2028,Employee_1027,39,4,4,59264,2022-08-19
2029,Employee_1028,44,7,7,57784,2017-07-09
2030,Employee_1029,43,3,3,42355,2021-08-06
2031,Employee_1030,37,1,2,108653,2021-06-30
2032,Employee_1031,57,7,3,40239,2018-06-04
2033,Employee_1032,50,3,9,59777,2020-07-31
2034,Employee_1033,35,4,6,77734,2022-07-10
2035,Employee_1034,34,7,3,79925,2022-05-31
2036,Employee_1035,49,1,9,81001,2021-07-20
2037,Employee_1036,50,4,3,90827,2016-02-01
2038,Employee_1037,41,8,2,107263,2022-11-29
2039,Employee_1038,53,5,3,79834,2016-03-30
2040,Employee_1039,34,7,10,74089,2021-02-05
2041,Employee_1040,55,4,9,137073,2023-04-10
2042,Employee_1041,50,2,10,54067,2023-10-28
2043,Employee_1042,44,1,1,102343,2015-09-01
2044,Employee_1043,38,6,7,104424,2016-08-15
2045,Employee_1044,24,7,10,107774,2017-05-13
2046,Employee_1045,25,10,5,108362,2017-01-07
2047,Employee_1046,47,4,8,28669,2021-11-01
2048,Employee_1047,55,6,8,37630,2022-12-03
2049,Employee_1048,51,1,4,137494,2019-06-13
2050,Employee_1049,48,9,10,137639,2015-12-28
2051,Employee_1050,26,10,7,106118,2017-01-03
2052,Employee_1051,57,3,4,69332,2016-03-31
2053,Employee_1052,58,10,7,48558,2020-09-28
2054,Employee_1053,50,1,2,74136,2016-07-19
2055,Employee_1054,46,6,1,104910,2022-07-09
2056,Employee_1055,26,1,9,128486,2016-07-18
2057,Employee_1056,51,4,2,123185,2017-05-26
2058,Employee_1057,24,5,1,58046,2018-07-25
2059,Employee_1058,39,5,8,54321,2015-06-01
2060,Employee_1059,32,4,3,130781,2022-10-15
2061,Employee_1060,28,8,6,91808,2022-07-08
2062,Employee_1061,57,3,8,125350,2018-07-12
2063,Employee_1062,48,5,6,54944,2020-01-21
2064,Employee_1063,29,9,7,146423,2023-09-13
2065,Employee_1064,40,9,9,134922,2023-10-03
2066,Employee_1065,45,9,2,46763,2023-03-19
2067,Employee_1066,29,3,1,115095,2016-10-11
2068,Employee_1067,43,3,7,123514,2017-11-15
2069,Employee_1068,36,7,10,72360,2020-04-16
2070,Employee_1069,25,6,7,111926,2022-12-04
2071,Employee_1070,32,6,8,145318,2020-04-17
2072,Employee_1071,47,9,1,127429,2015-01-11
2073,Employee_1072,33,2,3,134869,2023-03-09
2074,Employee_1073,35,10,5,34490,2015-08-26
2075,Employee_1074,57,5,7,134181,2019-04-23
2076,Employee_1075,33,8,5,48902,2017-07-09
2077,Employee_1076,34,4,8,138220,2017-06-28
2078,Employee_1077,56,1,6,45542,2019-05-21
2079,Employee_1078,49,4,6,139327,2020-12-17
2080,Employee_1079,40,3,9,120311,2018-09-20
2081,Employee_1080,27,3,4,122068,2017-04-30
2082,Employee_1081,54,2,2,142471,2023-04-21
2083,Employee_1082,23,10,4,67193,2015-11-02
2084,Employee_1083,41,7,2,65372,2015-10-10
2085,Employee_1084,51,5,9,48309,2020-07-09
2086,Employee_1085,48,3,4,42138,2020-08-31
2087,Employee_1086,27,10,10,105959,2018-11-22
2088,Employee_1087,52,2,4,70296,2021-12-17
2089,Employee_1088,29,6,3,76367,2022-01-26
2090,Employee_1089,47,9,10,86303,2023-12-02
2091,Employee_1090,49,6,1,61390,2021-02-12
2092,Employee_1091,38,8,7,71729,2018-12-09
2093,Employee_1092,29,7,1,80858,2020-05-01
2094,Employee_1093,26,9,3,79265,2018-09-08
2095,Employee_1094,28,6,5,56124,2020-05-12
2096,Employee_1095,53,7,5,51055,2022-06-08
2097,Employee_1096,28,6,1,135697,2020-10-12
2098,Employee_1097,53,2,6,141122,2019-03-01
2099,Employee_1098,23,8,2,88220,2017-01-19
2100,Employee_1099,37,10,8,119978,2015-06-26
2101,Employee_1100,55,8,10,111882,2017-11-23
2102,Employee_1101,57,5,8,100402,2022-04-20
2103,Employee_1102,28,2,6,99160,2023-06-07
2104,Employee_1103,52,7,6,48141,2017-04-23
2105,Employee_1104,55,3,1,51324,2023-06-15
2106,Employee_1105,30,3,4,110555,2016-04-27
2107,Employee_1106,32,6,8,75614,2023-09-17
2108,Employee_1107,52,10,6,116987,2022-07-30
2109,Employee_1108,31,3,3,148856,2017-03-17
2110,Employee_1109,22,4,3,106863,2018-01-21
2111,Employee_1110,42,10,5,116194,2021-11-13
2112,Employee_1111,49,7,5,54412,2017-05-30
2113,Employee_1112,35,7,1,45846,2018-02-10
2114,Employee_1113,48,4,10,68740,2019-09-09
2115,Employee_1114,36,7,4,108561,2018-11-08
2116,Employee_1115,40,10,6,69388,2019-10-18
2117,Employee_1116,23,1,6,136212,2018-02-12
2118,Employee_1117,49,6,2,31629,2017-02-13
2119,Employee_1118,45,4,10,67017,2018-04-13
2120,Employee_1119,31,5,3,81287,2015-01-11
2121,Employee_1120,40,4,2,103504,2019-02-27
2122,Employee_1121,55,4,5,85833,2018-10-20
2123,Employee_1122,34,2,10,71894,2018-03-11
2124,Employee_1123,26,3,2,50406,2021-08-13
2125,Employee_1124,43,2,1,129574,2017-02-10
2126,Employee_1125,29,5,8,65585,2019-10-27
2127,Employee_1126,52,7,4,31633,2018-08-29
2128,Employee_1127,38,7,10,42877,2017-09-12
2129,Employee_1128,56,7,4,76802,2015-11-06
2130,Employee_1129,43,10,7,98513,2018-01-04
2131,Employee_1130,42,5,2,149272,2017-02-03
2132,Employee_1131,51,3,10,44072,2023-10-19
2133,Employee_1132,59,7,2,146862,2019-01-29
2134,Employee_1133,22,5,4,64781,2015-05-30
2135,Employee_1134,43,1,6,123096,2016-09-10
2136,Employee_1135,33,3,5,145908,2015-12-09
2137,Employee_1136,49,4,8,138996,2016-08-14
2138,Employee_1137,45,5,6,55009,2023-02-15
2139,Employee_1138,51,10,1,81487,2017-04-09
2140,Employee_1139,42,4,7,129237,2016-01-26
2141,Employee_1140,53,1,8,81596,2020-01-24
2142,Employee_1141,35,10,1,140610,2017-09-24
2143,Employee_1142,34,1,8,43732,2022-04-21
2144,Employee_1143,39,2,8,115124,2018-01-23
2145,Employee_1144,42,2,4,33149,2021-02-21
2146,Employee_1145,56,6,4,84639,2020-03-08
2147,Employee_1146,54,9,7,47065,2015-08-21
2148,Employee_1147,42,3,8,104614,2018-12-31
2149,Employee_1148,53,2,7,149145,2019-09-13
2150,Employee_1149,46,4,1,46128,2017-03-30
2151,Employee_1150,48,8,4,57394,2020-05-27
2152,Employee_1151,34,6,1,67867,2020-09-19
2153,Employee_1152,30,5,8,139834,2016-11-04
2154,Employee_1153,59,1,4,86123,2018-08-10
2155,Employee_1154,54,1,3,93979,2019-04-09
2156,Employee_1155,44,5,5,149219,2021-12-12
2157,Employee_1156,59,7,4,114278,2023-05-14
2158,Employee_1157,47,4,6,144432,2016-03-10
2159,Employee_1158,56,6,1,112427,2021-06-15
2160,Employee_1159,59,8,4,132463,2015-05-22
2161,Employee_1160,31,6,10,72781,2018-02-13
2162,Employee_1161,22,9,2,113402,2016-10-03
2163,Employee_1162,58,10,8,74022,2015-11-12
2164,Employee_1163,50,9,1,106854,2016-10-27
2165,Employee_1164,35,8,1,50979,2017-03-10
2166,Employee_1165,29,7,5,44641,2022-04-07
2167,Employee_1166,56,5,2,68002,2020-02-29
2168,Employee_1167,41,10,9,50232,2016-04-17
2169,Employee_1168,28,2,2,92853,2022-05-08
2170,Employee_1169,43,10,4,89802,2022-01-04
2171,Employee_1170,23,5,7,39098,2021-03-10
2172,Employee_1171,24,3,1,115431,2022-08-17
2173,Employee_1172,44,10,10,137573,2016-03-24
2174,Employee_1173,53,8,5,82845,2021-03-30
2175,Employee_1174,34,5,2,87137,2021-08-03
2176,Employee_1175,54,5,7,43246,2021-08-21
2177,Employee_1176,49,1,9,99455,2022-10-31
2178,Employee_1177,57,1,6,85618,2015-04-25
2179,Employee_1178,51,4,6,148744,2019-10-13
2180,Employee_1179,56,4,10,113592,2015-05-30
2181,Employee_1180,22,2,9,32344,2020-02-16
2182,Employee_1181,57,7,9,71918,2022-10-20
2183,Employee_1182,49,6,9,108273,2022-10-22
2184,Employee_1183,42,7,5,149972,2017-06-27
2185,Employee_1184,41,4,3,148667,2016-07-04
2186,Employee_1185,46,5,8,58506,2021-05-01
2187,Employee_1186,28,2,3,125837,2017-05-19
2188,Employee_1187,40,6,9,80884,2017-03-23
2189,Employee_1188,43,3,7,52455,2020-08-13
2190,Employee_1189,42,10,4,73684,2023-08-11
2191,Employee_1190,49,8,8,61114,2021-11-21
2192,Employee_1191,56,9,5,70381,2020-05-30
2193,Employee_1192,28,9,6,145742,2018-08-03
2194,Employee_1193,26,9,4,118302,2020-11-01
2195,Employee_1194,25,5,3,40407,2018-03-08
2196,Employee_1195,23,4,4,88312,2017-02-11
2197,Employee_1196,50,8,5,76231,2022-01-15
2198,Employee_1197,24,4,2,133764,2015-03-09
2199,Employee_1198,26,2,2,35755,2023-07-23
2200,Employee_1199,55,8,4,123565,2020-08-09
2201,Employee_1200,31,3,4,89498,2020-11-14
2202,Employee_1201,46,1,5,63708,2023-10-26
2203,Employee_1202,47,10,8,113775,2017-07-27
2204,Employee_1203,49,3,4,114640,2020-04-10
2205,Employee_1204,40,9,10,72483,2020-03-17
2206,Employee_1205,35,4,9,114513,2016-09-20
2207,Employee_1206,23,3,5,46372,2021-05-06
2208,Employee_1207,58,1,2,51107,2017-03-12
2209,Employee_1208,46,1,5,31978,2015-07-01
2210,Employee_1209,59,1,6,36357,2020-04-11
2211,Employee_1210,44,1,10,107764,2015-10-25
2212,Employee_1211,52,7,7,66855,2016-07-15
2213,Employee_1212,34,4,9,58283,2019-08-09
2214,Employee_1213,49,10,2,124258,2018-09-05
2215,Employee_1214,53,7,2,46828,2017-06-29
2216,Employee_1215,37,10,9,109887,2022-03-05
2217,Employee_1216,45,6,5,135495,2016-11-05
2218,Employee_1217,47,10,7,131220,2021-01-22
2219,Employee_1218,31,7,7,58818,2015-08-07
2220,Employee_1219,44,10,3,70226,2023-07-15
2221,Employee_1220,30,3,10,40037,2015-01-17
2222,Employee_1221,39,6,7,107770,2023-03-06
2223,Employee_1222,25,7,3,114835,2015-04-29
2224,Employee_1223,51,3,2,149651,2018-06-22
2225,Employee_1224,56,6,3,132395,2023-10-07
2226,Employee_1225,43,3,8,147670,2022-09-17
2227,Employee_1226,52,8,10,82992,2018-05-15
2228,Employee_1227,44,2,8,91250,2015-07-14
2229,Employee_1228,46,6,8,75580,2021-07-11
2230,Employee_1229,51,10,9,46578,2018-09-21
2231,Employee_1230,57,4,6,44915,2021-01-29
2232,Employee_1231,25,10,4,85290,2020-04-16
2233,Employee_1232,37,7,5,65625,2021-03-04
2234,Employee_1233,58,8,7,112704,2023-04-14
2235,Employee_1234,38,1,6,59144,2018-04-28
2236,Employee_1235,25,9,8,119509,2020-12-01
2237,Employee_1236,48,2,6,96861,2020-10-21
2238,Employee_1237,37,3,1,72902,2017-10-28
2239,Employee_1238,31,5,1,113509,2022-03-31
2240,Employee_1239,36,6,6,110631,2019-11-06
2241,Employee_1240,25,6,8,106007,2021-06-30
2242,Employee_1241,24,5,1,125838,2019-03-09
2243,Employee_1242,24,5,7,51015,2016-01-01
2244,Employee_1243,57,9,7,115802,2015-03-27
2245,Employee_1244,36,5,5,56531,2015-05-23
2246,Employee_1245,29,6,10,83706,2022-10-08
2247,Employee_1246,24,9,4,48126,2020-08-27
2248,Employee_1247,43,4,9,55108,2021-09-08
2249,Employee_1248,55,9,3,143875,2017-12-26
2250,Employee_1249,23,2,10,80956,2017-10-18
2251,Employee_1250,35,4,7,149119,2023-12-21
2252,Employee_1251,49,9,3,29035,2017-06-06
2253,Employee_1252,36,10,10,59827,2023-12-17
2254,Employee_1253,42,2,6,118979,2020-09-01
2255,Employee_1254,53,7,9,63124,2019-03-31
2256,Employee_1255,45,8,5,110557,2017-12-02
2257,Employee_1256,49,6,3,56893,2017-02-23
2258,Employee_1257,36,4,7,122537,2015-03-17
2259,Employee_1258,45,7,5,53888,2017-01-18
2260,Employee_1259,27,4,2,126822,2016-04-07
2261,Employee_1260,32,6,2,79103,2021-04-08
2262,Employee_1261,26,8,1,80158,2018-08-23
2263,Employee_1262,41,9,4,39838,2023-04-01
2264,Employee_1263,55,8,10,83667,2018-03-20
2265,Employee_1264,36,9,6,107090,2019-05-18
2266,Employee_1265,40,5,2,140586,2016-08-26
2267,Employee_1266,49,8,6,88442,2021-11-28
2268,Employee_1267,26,9,1,119489,2018-03-13
2269,Employee_1268,52,2,1,52630,2023-10-06
2270,Employee_1269,23,5,9,37826,2017-11-23
2271,Employee_1270,38,5,3,39958,2020-09-21
2272,Employee_1271,29,9,3,140925,2023-12-10
2273,Employee_1272,29,6,4,62805,2020-10-22
2274,Employee_1273,44,1,2,134816,2021-04-16
2275,Employee_1274,50,5,2,128394,2016-11-16
2276,Employee_1275,45,10,5,29695,2020-05-25
2277,Employee_1276,23,6,4,92442,2019-10-07
2278,Employee_1277,25,10,3,105635,2018-04-09
2279,Employee_1278,32,1,8,39428,2019-01-06
2280,Employee_1279,32,5,5,75997,2022-04-17
2281,Employee_1280,43,8,5,110723,2019-04-27
2282,Employee_1281,48,3,5,120242,2015-04-28
2283,Employee_1282,57,10,3,135619,2015-11-15
2284,Employee_1283,52,4,4,81604,2018-09-11
2285,Employee_1284,46,7,9,101028,2015-09-12
2286,Employee_1285,34,10,8,66137,2019-02-23
2287,Employee_1286,37,2,4,114990,2023-04-10
2288,Employee_1287,47,10,1,60273,2016-01-28
2289,Employee_1288,43,4,3,52182,2018-07-08
2290,Employee_1289,50,2,5,30010,2017-05-26
2291,Employee_1290,50,6,1,93856,2023-07-29
2292,Employee_1291,37,4,6,136106,2016-02-19
2293,Employee_1292,34,8,3,75098,2017-02-12
2294,Employee_1293,39,5,7,138826,2017-05-07
2295,Employee_1294,49,8,9,35636,2017-07-16
2296,Employee_1295,35,9,4,127679,2015-11-04
2297,Employee_1296,49,9,10,31772,2016-12-19
2298,Employee_1297,30,10,4,41176,2015-01-27
2299,Employee_1298,46,8,6,131261,2018-07-31
2300,Employee_1299,40,8,5,104699,2017-07-20
2301,Employee_1300,49,2,9,134396,2020-03-21
2302,Employee_1301,43,3,9,41952,2016-07-21
2303,Employee_1302,39,2,7,79142,2020-02-08
2304,Employee_1303,26,1,8,53130,2021-03-10
2305,Employee_1304,41,10,2,93058,2015-05-22
2306,Employee_1305,22,5,9,67896,2017-03-23
2307,Employee_1306,23,4,9,142768,2015-10-29
2308,Employee_1307,23,9,9,70058,2017-04-29
2309,Employee_1308,34,6,8,55882,2017-03-02
2310,Employee_1309,33,6,7,84285,2018-11-21
2311,Employee_1310,37,5,8,98801,2022-06-17
2312,Employee_1311,52,1,4,46858,2019-11-17
2313,Employee_1312,38,8,7,91713,2017-12-12
2314,Employee_1313,33,1,2,136006,2015-12-28
2315,Employee_1314,23,4,6,122536,2022-01-27
2316,Employee_1315,52,1,2,48069,2022-09-30
2317,Employee_1316,59,3,3,29286,2016-07-30
2318,Employee_1317,49,2,6,33173,2020-09-17
2319,Employee_1318,43,2,10,34031,2015-03-25
2320,Employee_1319,33,10,3,40477,2017-01-04
2321,Employee_1320,39,8,4,58117,2016-06-07
2322,Employee_1321,35,2,10,50609,2021-12-17
2323,Employee_1322,25,7,5,36681,2023-04-16
2324,Employee_1323,28,6,1,77499,2017-06-12
2325,Employee_1324,45,4,6,39914,2020-09-25
2326,Employee_1325,48,1,6,52835,2019-01-10
2327,Employee_1326,29,7,6,87518,2023-09-23
2328,Employee_1327,55,9,2,84507,2022-04-13
2329,Employee_1328,40,3,4,112675,2016-06-18
2330,Employee_1329,49,2,9,142112,2019-04-07
2331,Employee_1330,42,1,7,79325,2018-08-03
2332,Employee_1331,51,9,5,67459,2019-06-10
2333,Employee_1332,56,10,2,88116,2021-06-03
2334,Employee_1333,48,10,1,123290,2023-09-18
2335,Employee_1334,45,6,10,66421,2020-10-15
2336,Employee_1335,43,4,7,144090,2021-03-30
2337,Employee_1336,58,7,2,87184,2015-02-09
2338,Employee_1337,33,4,10,105088,2016-11-24
2339,Employee_1338,40,2,7,84192,2023-03-22
2340,Employee_1339,26,8,2,110222,2023-06-29
2341,Employee_1340,46,8,7,114262,2023-05-15
2342,Employee_1341,29,9,4,51175,2016-02-15
2343,Employee_1342,34,3,7,84535,2020-03-26
2344,Employee_1343,31,8,3,134167,2019-05-23
2345,Employee_1344,52,4,1,126122,2015-04-07
2346,Employee_1345,49,5,3,44283,2022-12-13
2347,Employee_1346,26,3,7,118911,2021-04-20
2348,Employee_1347,50,1,6,107904,2017-07-07
2349,Employee_1348,27,6,9,35700,2015-07-31
2350,Employee_1349,51,2,6,42738,2020-07-10
2351,Employee_1350,43,1,1,76351,2019-03-06
2352,Employee_1351,29,7,2,66792,2015-06-01
2353,Employee_1352,28,1,2,29045,2022-11-08
2354,Employee_1353,54,4,3,65993,2015-07-23
2355,Employee_1354,29,7,6,145232,2018-07-23
2356,Employee_1355,38,7,5,38131,2015-01-02
2357,Employee_1356,36,10,5,57943,2015-04-15
2358,Employee_1357,41,6,2,126940,2023-11-19
2359,Employee_1358,46,3,6,51735,2020-09-18
2360,Employee_1359,56,5,8,62626,2017-06-05
2361,Employee_1360,51,10,9,128054,2015-04-08
2362,Employee_1361,59,8,4,34289,2017-04-18
2363,Employee_1362,45,10,1,102344,2019-01-01
2364,Employee_1363,39,3,1,40608,2015-08-06
2365,Employee_1364,34,10,6,50765,2015-05-25
2366,Employee_1365,49,8,2,34271,2023-03-05
2367,Employee_1366,22,1,10,56969,2020-07-31
2368,Employee_1367,36,2,9,63655,2022-08-20
2369,Employee_1368,34,2,6,36806,2017-02-25
2370,Employee_1369,56,4,10,87601,2020-11-19
2371,Employee_1370,52,5,1,122379,2018-08-04
2372,Employee_1371,56,9,8,54372,2020-08-13
2373,Employee_1372,54,7,5,120948,2017-06-18
2374,Employee_1373,49,2,4,54190,2019-01-02
2375,Employee_1374,46,6,1,96280,2023-03-12
2376,Employee_1375,56,5,9,52349,2015-10-23
2377,Employee_1376,34,10,3,91588,2017-11-28
2378,Employee_1377,59,9,1,95246,2021-09-06
2379,Employee_1378,56,3,7,131385,2018-06-13
2380,Employee_1379,32,8,7,138829,2015-05-02
2381,Employee_1380,24,9,8,28902,2015-05-09
2382,Employee_1381,23,9,4,82666,2018-04-05
2383,Employee_1382,37,7,7,116108,2017-09-15
2384,Employee_1383,58,7,4,38352,2019-10-11
2385,Employee_1384,47,1,3,71136,2015-08-05
2386,Employee_1385,45,4,4,115700,2016-09-11
2387,Employee_1386,38,8,8,149880,2016-08-13
2388,Employee_1387,36,1,6,103250,2017-06-20
2389,Employee_1388,34,4,8,114078,2019-12-29
2390,Employee_1389,47,9,5,101572,2020-01-05
2391,Employee_1390,38,2,3,148721,2023-06-06
2392,Employee_1391,35,8,5,59404,2022-04-27
2393,Employee_1392,22,1,5,76865,2019-01-03
2394,Employee_1393,39,3,4,101173,2019-12-13
2395,Employee_1394,36,3,1,31816,2023-11-27
2396,Employee_1395,46,8,1,128742,2017-11-13
2397,Employee_1396,39,6,7,42003,2020-07-01
2398,Employee_1397,53,1,7,66743,2019-07-02
2399,Employee_1398,59,9,2,50287,2019-08-31
2400,Employee_1399,33,3,1,148465,2019-12-23
2401,Employee_1400,22,4,7,94712,2022-07-18
2402,Employee_1401,31,10,4,52196,2023-10-21
2403,Employee_1402,50,10,2,147206,2017-09-23
2404,Employee_1403,43,5,10,45373,2018-10-18
2405,Employee_1404,26,5,6,71986,2016-08-20
2406,Employee_1405,33,7,2,42772,2022-04-29
2407,Employee_1406,50,1,6,112731,2015-05-17
2408,Employee_1407,22,9,1,41797,2015-09-22
2409,Employee_1408,31,9,9,75259,2019-02-04
2410,Employee_1409,28,6,9,145200,2016-10-21
2411,Employee_1410,30,5,4,138051,2019-04-15
2412,Employee_1411,53,5,7,33355,2021-08-22
2413,Employee_1412,48,6,4,65265,2017-11-05
2414,Employee_1413,37,6,9,145210,2015-07-13
2415,Employee_1414,59,10,3,147488,2021-11-15
2416,Employee_1415,53,6,9,73066,2019-03-23
2417,Employee_1416,36,4,5,73894,2022-09-28
2418,Employee_1417,59,5,2,80056,2023-01-02
2419,Employee_1418,33,10,2,113164,2018-05-30
2420,Employee_1419,36,10,4,87847,2016-03-04
2421,Employee_1420,54,2,2,141590,2017-09-03
2422,Employee_1421,45,7,4,131747,2015-02-13
2423,Employee_1422,25,3,2,73550,2023-12-19
2424,Employee_1423,40,9,1,47671,2016-05-25
2425,Employee_1424,46,6,1,46262,2023-11-17
2426,Employee_1425,48,8,7,134569,2018-10-30
2427,Employee_1426,50,4,8,141985,2019-08-10
2428,Employee_1427,33,5,8,97872,2016-01-08
2429,Employee_1428,35,2,8,120162,2018-06-08
2430,Employee_1429,51,10,4,65147,2018-11-01
2431,Employee_1430,27,1,4,89095,2021-01-06
2432,Employee_1431,33,4,3,61548,2019-03-07
2433,Employee_1432,29,1,2,53025,2016-03-24
2434,Employee_1433,35,2,3,117167,2019-03-20
2435,Employee_1434,34,9,9,63856,2018-11-11
2436,Employee_1435,55,5,5,114064,2015-11-17
2437,Employee_1436,43,7,4,90880,2020-07-27
2438,Employee_1437,32,8,4,94356,2017-05-11
2439,Employee_1438,56,7,3,120312,2020-05-20
2440,Employee_1439,39,6,1,35108,2022-04-11
2441,Employee_1440,49,9,2,59357,2017-04-04
2442,Employee_1441,32,4,1,127696,2015-04-26
2443,Employee_1442,34,4,7,123704,2017-02-02
2444,Employee_1443,41,1,4,135940,2022-07-20
2445,Employee_1444,23,1,4,103294,2020-10-06
2446,Employee_1445,57,2,5,143857,2021-04-02
2447,Employee_1446,52,10,1,104407,2021-08-15
2448,Employee_1447,53,2,7,58312,2020-02-12
2449,Employee_1448,45,5,7,126773,2016-02-12
2450,Employee_1449,29,3,4,38138,2021-12-14
2451,Employee_1450,43,9,6,55239,2015-08-16
2452,Employee_1451,49,8,1,73798,2017-11-26
2453,Employee_1452,26,5,8,64960,2022-09-17
2454,Employee_1453,53,3,1,114698,2020-08-29
2455,Employee_1454,59,4,6,38067,2020-05-14
2456,Employee_1455,53,1,1,139993,2016-12-15
2457,Employee_1456,25,7,7,109974,2016-07-20
2458,Employee_1457,56,1,9,36069,2019-10-09
2459,Employee_1458,54,1,9,62330,2020-05-28
2460,Employee_1459,37,7,3,86410,2016-05-01
2461,Employee_1460,35,10,2,95847,2017-12-19
2462,Employee_1461,57,3,3,39339,2023-05-14
2463,Employee_1462,41,5,10,82321,2022-12-02
2464,Employee_1463,42,2,7,53553,2023-09-08
2465,Employee_1464,22,10,4,106617,2022-02-22
2466,Employee_1465,45,2,2,88076,2019-01-14
2467,Employee_1466,41,8,3,85596,2016-10-07
2468,Employee_1467,32,7,3,59763,2023-07-24
2469,Employee_1468,44,3,7,112910,2021-07-27
2470,Employee_1469,31,10,9,113847,2015-02-18
2471,Employee_1470,53,10,4,146093,2016-07-19
2472,Employee_1471,50,8,6,91985,2019-03-22
2473,Employee_1472,36,2,8,146168,2020-09-06
2474,Employee_1473,55,4,7,148865,2021-06-20
2475,Employee_1474,30,2,4,122636,2023-12-17
2476,Employee_1475,34,2,5,133352,2020-04-23
2477,Employee_1476,38,9,8,53232,2023-07-14
2478,Employee_1477,42,5,1,48929,2020-03-27
2479,Employee_1478,33,10,8,72681,2019-07-07
2480,Employee_1479,36,9,2,55375,2017-03-10
2481,Employee_1480,45,9,10,144282,2020-02-27
2482,Employee_1481,59,2,5,29792,2016-11-21
2483,Employee_1482,38,2,1,145505,2017-08-31
2484,Employee_1483,35,1,9,101109,2017-08-04
2485,Employee_1484,57,8,3,74001,2019-10-14
2486,Employee_1485,55,8,1,29962,2018-10-13
2487,Employee_1486,37,10,9,144010,2015-05-23
2488,Employee_1487,34,6,10,89183,2016-03-23
2489,Employee_1488,39,7,6,119151,2020-05-03
2490,Employee_1489,57,2,7,86660,2019-11-14
2491,Employee_1490,52,5,7,63910,2015-07-16
2492,Employee_1491,57,5,8,103679,2022-03-25
2493,Employee_1492,33,2,1,78112,2016-02-22
2494,Employee_1493,57,1,8,38306,2023-02-28
2495,Employee_1494,48,2,3,132357,2020-03-28
2496,Employee_1495,22,10,10,45693,2015-05-17
2497,Employee_1496,41,8,5,49803,2021-07-21
2498,Employee_1497,44,9,4,122173,2015-06-30
2499,Employee_1498,24,3,3,31860,2016-02-26
2500,Employee_1499,22,9,1,35590,2019-07-02
